p1;p2;nb_pattern;classe
-0.382433;-0.382433;0.24;0
-0.464121;-0.464121;0.26;0
-0.514581;-0.514581;0.42;1
-0.809495;-0.809495;0.94;1
